employee_id,hire_date,empsatisfaction,last_name,first_name
10026,7/5/2011,5,adinolfi, wilson  k
10084,3/30/2015,3,ait sidi, karthikeyan   
10196,7/5/2011,3,akinkuolie, sarah
10088,1/7/2008,5,alagbe,trina
10069,7/11/2011,4,anderson, carol 
10002,1/9/2012,5,anderson, linda  
10194,11/10/2014,3,andreola, colby
10062,9/30/2013,4,athwal, sam
10114,7/6/2009,3,bachiochi, linda
10250,1/5/2015,5,bacong, alejandro 
10252,1/10/2011,4,baczenski, rachael  
10242,4/2/2012,3,barbara, thomas
10012,11/10/2014,4,barbossa, hector
10265,2/20/2012,4,barone, francesco  a
10066,9/24/2012,5,barton, nader
10061,2/21/2011,4,bates, norman
10023,7/21/2016,3,beak, kimberly  
10055,4/4/2011,5,beatrice, courtney 
10245,7/7/2014,4,becker, renee
10277,7/8/2013,4,becker, scott
10046,4/2/2012,3,bernstein, sean
10226,8/19/2013,3,biden, lowan  m
10003,7/7/2014,3,billis, helen
10294,4/4/2011,3,blount, dianna
10267,1/10/2011,5,bondwell, betsy
10199,2/17/2014,5,booth, frank
10081,2/16/2015,4,boutwell, bonalyn
10175,9/30/2013,3,bozzi, charles
10177,4/2/2012,4,brill, donna
10238,10/27/2008,2,brown, mia
10184,9/29/2014,3,buccheri, joseph  
10203,11/11/2013,5,bugali, josephine 
10188,8/15/2011,5,bunbury, jessica
10107,3/5/2012,4,burke, joelle
10181,4/4/2011,5,burkett, benjamin 
10150,8/15/2011,3,cady, max 
10001,1/28/2016,3,candie, calvin
10085,11/11/2013,4,carabbio, judith
10115,3/31/2014,3,carey, michael  
10082,6/30/2016,5,carr, claudia  n
10040,8/18/2014,5,carter, michelle 
10067,9/29/2014,4,chace, beatrice 
10108,9/6/2016,5,champaigne, brian
10210,5/12/2014,4,chan, lin
10154,7/8/2013,5,chang, donovan  e
10200,5/14/2012,5,chigurh, anton
10240,6/27/2011,4,chivukula, enola
10168,10/3/2011,5,cierpiszewski, caroline  
10220,9/5/2012,3,clayton, rick
10275,5/16/2011,5,cloninger, jennifer
10269,8/30/2010,4,close, phil
10029,7/6/2016,4,clukey, elijian
10261,7/8/2013,5,cockel, james
10292,7/11/2011,3,cole, spencer
10282,7/20/2010,2,corleone, michael
10019,1/5/2009,5,corleone, vito
10094,1/5/2015,5,cornett, lisa 
10193,3/30/2015,3,costello, frank
10132,7/6/2016,5,crimmings,   jean
10083,11/10/2014,3,cross, noah
10099,5/5/2014,4,daneault, lynn
10212,11/10/2014,5,daniele, ann  
10056,7/2/2012,3,darson, jene'ya 
10143,11/7/2011,4,davis, daniel
10311,7/9/2018,4,dee, randy
10070,5/16/2011,4,degweck,  james
10155,1/9/2012,5,del bosque, keyla
10306,9/29/2014,3,delarge, alex
10100,4/4/2011,5,demita, carla
10310,7/7/2014,2,desimone, carl 
10197,2/15/2017,5,devito, tommy
10276,5/12/2014,4,dickinson, geoff 
10304,2/20/2012,1,dietrich, jenna  
10284,1/7/2013,4,dinocco, lily 
10207,4/2/2012,5,dobrin, denisa  s
10133,1/5/2015,4,dolan, linda
10028,1/5/2014,5,dougall, eric
10006,1/10/2011,5,driver, elle
10105,9/18/2014,4,dunn, amy  
10211,4/26/2010,3,dunne, amy
10064,4/4/2011,3,eaton, marianne
10247,11/10/2014,5,engdahl, jean
10235,3/31/2014,3,england, rex
10299,7/7/2014,1,erilus, angela
10280,4/2/2012,4,estremera, miguel
10296,2/17/2014,3,evensen, april
10290,5/2/2011,5,exantus, susan
10263,7/7/2014,5,faller, megan 
10136,2/17/2014,4,fancett, nicole
10189,11/7/2011,3,ferguson, susan
10308,5/11/2015,5,fernandes, nilson  
10309,3/30/2015,3,fett, boba
10049,1/9/2012,5,fidelia,  libby
10093,5/16/2011,5,fitzpatrick, michael  j
10163,4/4/2011,3,foreman, tanya
10305,9/29/2014,5,forrest, alex
10015,4/15/2011,5,foss, jason
10080,1/5/2009,3,foster-baker, amy
10258,9/6/2011,3,fraval, maruk 
10273,5/1/2010,4,galia, lisa
10111,3/30/2015,3,garcia, raul
10257,5/16/2011,4,gaul, barbara
10159,3/30/2015,3,gentry, mildred
10122,11/7/2011,4,gerke, melisa
10142,7/7/2014,4,gill, whitney  
10283,4/2/2012,4,gilles, alex
10018,9/29/2014,4,girifalco, evelyn
10255,2/16/2015,5,givens, myriam
10246,2/16/2015,4,goble, taisha
10228,3/30/2015,5,goeth, amon
10243,11/11/2013,5,gold, shenice  
10031,7/11/2011,4,gonzalez, cayo
10300,4/26/2010,3,gonzalez, juan
10101,1/5/2015,4,gonzalez, maria
10237,5/12/2014,3,good, susan
10051,7/2/2012,3,gordon, david
10218,9/30/2013,5,gosciminski, phylicia  
10256,8/19/2013,5,goyal, roxana
10098,6/2/2015,3,gray, elijiah  
10059,2/21/2011,5,gross, paula
10234,4/20/2017,5,gruber, hans
10109,3/7/2012,5,guilianno, mike
10125,11/28/2011,4,handschiegl, joanne
10074,11/11/2013,3,hankard, earnest
10097,1/9/2012,4,harrington, christie 
10007,5/12/2014,4,harrison, kara
10129,8/13/2012,4,heitzman, anthony
10075,1/10/2011,3,hendrickson, trina
10167,8/18/2014,5,hitchcock, alfred
10195,8/15/2011,5,homberger, adrienne  j
10112,3/30/2015,5,horton, jayne
10272,5/5/2014,4,houlihan, debra
10182,2/16/2015,3,howard, estelle
10248,2/20/2012,4,hudson, jane
10201,6/6/2016,5,hunts, julissa
10214,6/5/2015,3,hutter, rosalie
10160,2/21/2011,3,huynh, ming
10289,2/21/2011,2,immediato, walter
10139,8/19/2013,3,ivey, rose 
10227,11/5/2012,3,jackson, maryellen
10236,9/30/2013,5,jacobi, hannah  
10009,7/5/2011,4,jeannite, tayana
10060,1/6/2014,5,jhaveri, sneha  
10034,11/7/2011,4,johnson, george
10156,1/5/2015,3,johnson, noelle 
10036,7/7/2014,3,johnston, yen
10138,1/10/2011,4,jung, judy  
10244,11/7/2011,5,kampew, donysha
10192,9/30/2013,4,keatts, kramer 
10231,8/19/2013,5,khemmich, bartholemew
10089,7/2/2012,3,king, janet
10166,9/26/2011,5,kinsella, kathleen  
10170,9/26/2011,4,kirill, alexandra  
10208,2/17/2014,3,knapp, bradley  j
10176,1/10/2011,3,kretschmer, john
10165,3/7/2011,5,kreuger, freddy
10113,11/10/2014,5,lajiri,  jyoti
10092,1/10/2011,4,landa, hans
10106,1/7/2013,3,langford, lindsey
10052,7/9/2012,5,langton, enrico
10038,1/6/2014,4,larotonda, william  
10249,4/2/2012,3,latif, mohammed
10232,10/2/2016,5,le, binh
10087,9/26/2011,3,leach, dallas
10134,1/5/2016,4,leblanc, brandon  r
10251,5/14/2012,3,lecter, hannibal
10103,4/30/2012,3,leruth, giovanni
10017,9/30/2013,3,liebig, ketsia
10186,7/5/2011,4,linares, marilyn 
10137,7/8/2013,3,linden, mathew
10008,1/21/2011,4,lindsay, leonara 
10096,7/8/2013,4,lundy, susan
10035,8/19/2013,4,lunquist, lisa
10057,2/16/2015,3,lydon, allison
10004,11/7/2011,4,lynch, lindsay
10191,9/24/2012,4,maclennan, samuel
10219,1/6/2014,4,mahoney, lauren  
10077,5/11/2016,3,manchester, robyn
10073,7/5/2011,4,mancuso, karen
10279,11/11/2013,3,mangal, debbie
10110,11/11/2013,5,martin, sandra
10053,5/31/2011,4,maurice, shana
10076,3/30/2015,5,carthy, b'rigit
10145,1/7/2013,3,mckenna, sandy
10202,7/6/2016,4,mckinzie, jac
10128,4/2/2012,4,meads, elizabeth
10068,3/30/2015,4,medeiros, jennifer
10116,8/16/2012,3,miller, brannon
10298,8/15/2011,2,miller, ned
10213,11/7/2011,3,monkfish, erasumus
10288,2/15/2012,3,monroe, peter
10025,5/13/2013,3,monterro, luisa
10223,1/9/2012,4,moran, patrick
10151,2/16/2015,3,morway, tanya
10254,4/1/2013,4,motlagh,  dawn
10120,5/13/2013,5,moumanil, maliki 
10216,7/8/2013,4,myers, michael
10079,2/10/2017,3,navathe, kurt
10215,9/26/2011,3,ndzi, colombui
10185,4/1/2013,3,ndzi, horia
10063,5/12/2014,5,newman, richard 
10037,4/1/2013,3,ngodup, shari 
10042,7/8/2013,5,nguyen, dheepa
10206,7/8/2013,5,nguyen, lei-ming
10104,11/10/2014,5,nowlan, kristie
10303,3/31/2014,2,o'hare, lynn
10078,5/14/2012,3,oliver, brooke 
10121,9/30/2013,3,onque, jasmine
10021,9/30/2013,3,osturnka, adeel
10281,2/17/2014,3,owad, clinton
10041,1/5/2015,5,ozark, travis
10148,2/7/2011,4,panjwani, nina
10005,11/7/2011,5,patronick, lucas
10259,12/1/2014,4,pearson, randall
10286,1/10/2011,5,smith, martin
10297,7/5/2011,5,pelletier, ermine
10171,5/16/2011,4,perry, shakira
10032,5/16/2011,5,peters, lauren
10130,10/25/2010,5,peterson, ebonee  
10217,4/2/2012,3,petingill, shana  
10016,11/10/2014,5,petrowsky, thelma
10050,7/5/2011,3,pham, hong
10164,11/5/2007,3,pitt, brad 
10124,1/9/2012,5,potts, xana
10187,5/16/2011,4,power, morissa
10225,1/6/2014,3,punjabhi, louis  
10262,9/24/2012,5,purinton, janine
10131,2/21/2011,4,quinn, sean
10239,10/2/2016,4,rachael, maggie
10152,9/26/2011,5,rarrick, quinn
10140,5/12/2014,3,ren, kylo
10058,5/16/2011,4,rhoads, thomas
10011,11/28/2011,5,rivera, haley  
10230,9/26/2011,4,roberson, may
10224,7/5/2011,5,robertson, peter
10047,1/10/2011,3,robinson, alain  
10285,1/10/2011,3,robinson, cherly
10020,7/8/2013,5,robinson, elias
10162,2/16/2015,5,roby, lori 
10149,1/5/2015,3,roehrich, bianca
10086,1/7/2017,3,roper, katie
10054,1/6/2014,4,rose, ashley  
10065,4/4/2011,5,rossetti, bruno
10198,1/20/2013,5,roup,simon
10222,1/9/2012,4,ruiz, ricardo
10126,11/5/2012,3,saada, adell
10295,7/4/2016,4,saar-beckles, melinda
10260,1/5/2009,5,sadki, nore  
10233,8/30/2010,3,sahoo, adil
10229,1/5/2015,3,salter, jason
10169,9/29/2014,3,sander, kamrin
10071,9/30/2013,5,sewkumar, nori
10179,9/30/2014,3,shepard, anita 
10091,8/19/2013,4,shields, seffi
10178,1/5/2015,3,simard, kramer
10039,5/1/2015,3,singh, nan 
10095,10/26/2009,4,sloan, constance
10027,9/29/2014,3,smith, joe
10291,5/18/2014,4,smith, john
10153,9/26/2011,4,smith, leigh ann
10157,11/11/2013,3,smith, sade
10119,6/10/2011,3,soto, julia 
10180,6/30/2016,4,soze, keyser
10302,2/20/2012,2,sparks, taylor  
10090,10/2/2012,5,spirea, kelley
10030,5/13/2013,4,squatrito, kristen
10278,1/10/2011,4,stanford,barbara  m
10307,5/12/2014,2,stansfield, norman
10147,9/29/2014,5,steans, tyrone  
10266,2/17/2014,3,stoica, rick
10241,9/27/2010,4,strong, caitrin
10158,1/8/2009,4,sullivan, kissy 
10117,1/5/2015,5,sullivan, timothy
10209,5/14/2012,5,sutwell, barbara
10024,7/7/2014,5,szabo, andrew
10173,4/20/2017,3,tannen, biff
10221,4/27/2009,5,tavares, desiree  
10146,5/16/2011,3,tejeda, lenora 
10161,9/29/2014,3,terry, sharlene 
10141,7/5/2011,4,theamstern, sophia
10268,6/25/2007,4,thibaud, kenneth
10123,2/18/2013,5,tippett, jeanette
10013,1/9/2006,3,torrence, jack
10287,2/17/2014,5,trang, mei
10044,1/5/2015,3,tredinnick, neville 
10102,2/18/2013,3,true, edward
10270,1/10/2011,3,trzeciak, cybil
10045,3/30/2015,4,turpin, jumil
10205,7/5/2011,3,valentin,jackie
10014,8/13/2012,5,veera, abdellah 
10144,8/1/2011,3,vega, vincent
10253,3/5/2012,4,villanueva, noah
10118,2/16/2015,3,voldemort, lord
10022,9/26/2011,5,volk, colleen
10183,7/5/2015,3,von massenbach, anna
10190,8/18/2014,5,walker, roger
10274,9/26/2011,3,wallace, courtney  e
10293,8/13/2012,3,wallace, theresa
10172,2/15/2017,4,wang, charlie
10127,3/30/2015,4,warfield, sarah
10072,1/10/2011,5,whittier, scott
10048,5/16/2011,3,wilber, barry
10204,1/10/2011,5,wilkes, annie
10264,1/9/2012,4,williams, jacquelyn  
10033,1/7/2013,3,winthrop, jordan  
10174,9/29/2014,4,wolk, hang  t
10135,7/7/2014,4,woodson, jason
10301,9/2/2008,2,ybarra, catherine 
10010,4/10/2010,5,zamora, jennifer
10043,3/30/2015,3,zhou, julia
10271,9/29/2014,5,zima, colleen
